,Best Score,Best Params
colsample_bytree,0.9957516339869281,0.5
gamma,0.9957516339869281,0.1
learning_rate,0.9957516339869281,0.1
max_depth,0.9957516339869281,7
min_child_weight,0.9957516339869281,1
n_estimators,0.9957516339869281,500
objective,0.9957516339869281,multi:softmax
seed,0.9957516339869281,1888
subsample,0.9957516339869281,0.8
